id,name,tag,members,villages,points,all_points,rank
2,Templer,TMP,1,1,2502,2502,299
3,Die Verwaisten,~L0st~,25,101,337499,337499,25
4,Sup Bozzaz,BOZ,2,1,636,636,395
5,Katapult Klub,KK,15,42,164520,164520,49
6,Angry Farmers SW1,AF-SW1,22,22,43589,43589,122
8,Banane,Banane,25,219,860485,860485,9
10,Angryfarmers-NO1,AF-NO1,21,27,51801,51801,105
11,Next World,NW,16,21,35037,35037,139
12,Lass Los,LOS!,11,43,148345,148345,52
13,PP Farmen-01,PP,2,2,1264,1264,352
14,Angry Farmers - SO1,AF-SO1,20,20,47161,47161,113
15,Smile,SM,3,2,2626,2626,292
16,TheIncredible,TI,1,1,168,168,451
17,Immer Freundlich,MfG,1,0,1643,1643,330
18,Non Player Charakter,NPC,21,82,271891,271891,31
19,Premium Stamm,~ps~,25,28,36483,36483,133
20,PP Farmen-02,PP2,21,24,35507,35507,136
21,LegendofWolves,LoW,20,35,81944,81944,74
22,Premium Farmers,PPF,7,7,6602,6602,232
23,pp farmen mit Genuss,-PF-,3,3,4178,4178,263
25,SCARY HOUSE,Horror,10,14,31001,31001,137
27,Crazy Farmers,CF-pp,5,6,10463,10463,206
28,Wallstreet,WS,25,225,926079,926079,8
29,Premium+Flaggen,*PP-FT,20,22,55137,55137,97
30,Main und Wings 2,MuW2,17,44,131348,131348,56
32,# Das Letzte Gericht #,-DLG-,21,140,566040,566040,15
35,Mordor Farmedition,MRDF,10,14,47215,47215,112
36,Bockwurstbowle,BWB,12,14,17428,17428,176
37,International Gaming Agency,IGA,13,33,77846,77846,79
39,Angry Farmers -NO4,AF-NO4,13,24,45259,45259,117
41,Die Dunklen Gefährten,**DG**,24,87,234950,234950,33
47,Pa1n,-P-,9,25,65216,65216,86
49,Melone,Melone,25,98,349567,349567,22
51,Senat,-SEN-,22,126,475733,475733,19
52,Casino,300,19,79,223613,223613,35
55,Puzzles,Pzls,1,1,6743,6743,230
56,Kuschelweich,Kwh,16,27,58137,58137,95
57,asdf,asdf,1,0,2287,2287,306
59,Wölfe,WWW,24,116,336926,336926,26
61,AFRand,AFR,19,41,124630,124630,58
63,PHALANX,PHA,24,142,408569,408569,20
64,AF am äusseren Rande,AF RA,18,23,67022,67022,84
65,AFRA,AFRA,22,41,103685,103685,66
66,Just the 2 of us,JT2OF,1,0,1927,1927,318
67,NARNIA,NARNIA,1,0,400,400,420
70,BlauesBlut,BB,3,3,2778,2778,287
72,GeldspieltkeineRolex,ROLEX,3,3,5485,5485,245
74,PP Farm 3,PPF3,1,1,680,680,391
77,Suits,-STS-,25,134,488171,488171,18
78,komtnoch,komt,10,10,20322,20322,172
80,PP Push,PPP,1,1,605,605,397
81,Entons Imperium,EI,17,44,149988,149988,51
82,Murmel,Murmel,15,19,24930,24930,159
83,Klostergarten,HORTUS,17,45,167957,167957,45
84,Legio Maxima,LMAX,1,1,3510,3510,264
85,wir kämpfen zusammen,~WKZ~,17,32,74871,74871,83
86,"Leichte Muse, alter Adel",LMAA,1,1,1016,1016,364
87,Main und Wings,MuW,25,57,168111,168111,46
88,PP-Buddy's,Points,2,2,5613,5613,243
89,BAM!,BAM!,1,0,0,0,461
90,Denk-Drucklufttechnik,D-D,10,19,39033,39033,129
91,truism,truism,3,3,2701,2701,288
94,Nacktschnecken,nudes,1,1,548,548,405
95,Pantheon,PTHN,25,78,201846,201846,38
98,Auf gute Zeiten,Agz,2,1,2055,2055,315
99,PremiumStamm 3,~ps3~,24,25,37391,37391,131
101,Monkey of war,MOW,4,4,5786,5786,235
102,GoforGood,GfG,1,1,711,711,388
103,Phönix aus der Asche,PHÖNIX,11,21,30773,30773,145
104,Stamm,Baum,1,0,2652,2652,290
107,Jack Daniels,JDs,6,7,18997,18997,174
108,Project X,XXXXXX,9,13,30944,30944,143
110,Anime,Anime,6,13,45258,45258,114
114,Gummibärenbande2,GB²,20,110,317021,317021,28
115,frei,frei,1,1,2383,2383,302
116,Bubble Bobble,Bubble,6,4,4091,4091,265
117,MyTribe,MYTRIB,1,0,555,555,403
119,Alte Herren süd,AHs,12,17,48414,48414,111
120,Nur zum Pöbeln hier.,Pöbel,6,18,26917,26917,155
123,Green Street Elite,GSE,23,372,1719026,1719026,3
124,UNIQUE,UQ,1,1,752,752,387
125,Hackschnizzle,Hash,2,4,8538,8538,216
128,Legend,Legend,25,196,629728,629728,12
129,Team Taktlos,T-Takt,3,4,11301,11301,201
130,Name ist egal,Nice,23,635,2597188,2597188,1
131,NoName,NN,12,26,80988,80988,75
132,Atari,AT,1,1,4369,4369,261
133,Die Wilden Gänse,DWG,1,0,0,0,462
135,ACAJ,Derdie,1,0,0,0,463
136,Digg-Sagger goes Stämme,[DSgS],5,8,28580,28580,149
138,Spaß_am_Spiel,SAS,3,3,4461,4461,259
139,coole Looser - die Unbesiegbaren,CL,4,8,11101,11101,202
140,-259-,-259-,6,5,4378,4378,260
141,König Pilsener,Köpi,4,3,1757,1757,324
142,Freunde,*F*,4,4,4786,4786,253
144,Non-Player-Character,NPC-2,10,20,61876,61876,87
145,Unleashed,Elite,1,1,673,673,393
147,Premium Sammler,P-S,1,1,2304,2304,305
148,Orden des Raben,OdR,24,273,1049854,1049854,7
150,Kiwi,[KIWI],1,9,22724,22724,163
151,Alone,Al,1,1,1339,1339,346
152,Premiumstamm2,~ps2~,25,27,39783,39783,127
153,We win those,WWT,4,3,3005,3005,279
154,Sons of Darkness,SoD,1,0,0,0,464
156,GuteFreunde,- G F-,3,5,6463,6463,234
158,Monaco Baggage,-MB-,3,3,1628,1628,307
159,Hau Drauf!,HD!,8,10,12490,12490,195
160,Solares Imperium der Terraner,~ SI ~,13,44,115190,115190,62
162,Command and Conquer,CC,1,1,859,859,373
163,Odins Gefolgschaft,OG,2,1,445,445,415
165,Klingenstadt,SIEGER,20,176,854707,854707,10
167,Angry Farmers SW2,AF-SW2,20,18,28572,28572,147
168,Ganex gemacht,GNXGMT,9,7,13200,13200,191
170,defendersofthelight,deofli,1,1,848,848,375
171,FOREST,FOREST,1,1,417,417,417
175,Kreuzritter,~KR~,10,15,21255,21255,167
176,Angry Farmers Nordwest 1,AF-NW1,23,23,49257,49257,109
177,Angry Farmers SO2,AF-SO2,20,21,24867,24867,160
178,Spaß Option,S-O,10,15,29013,29013,148
179,Volle Möhre,ACKERN,20,37,93519,93519,69
181,PP56,PP56,16,17,26152,26152,157
183,Premiumpflücker,Pfc,5,4,5048,5048,250
185,Angry Farmers Nordwest 2,AF-NW2,24,25,36223,36223,135
186,Deutschritterorden,+DRO+,1,0,609,609,398
191,Persdre,psd,3,3,9238,9238,212
194,Symphony Of Chaos,187,5,7,13807,13807,188
195,Viribus Unitis,AEIOU,1,1,1813,1813,325
198,Pp-Farm,pp-f,1,1,692,692,389
199,Schlümpfe,smf,1,0,1780,1780,323
200,Samenfarmer,PPfarm,2,5,11124,11124,199
203,Farmerama,FARM,1,1,1278,1278,351
205,AMORE,AMORE,18,36,77880,77880,80
206,StammohneName,StoNa,1,0,2505,2505,298
207,Bier,Bier,2,2,4482,4482,258
209,WIR+,WIR,17,17,30587,30587,146
211,The Cartenon Temple,Gott,2,9,45297,45297,118
215,Farmer,-F-,7,11,21902,21902,165
219,Immobilienverwaltung 2,IV,4,4,9143,9143,213
220,Die Gummibärenbande,Bande,3,3,5916,5916,241
221,Lecker Bierchen,LB,25,161,591615,591615,14
222,Senat 2,-Sen²-,13,27,43387,43387,121
223,Pai2n,-P2-,25,24,31523,31523,144
225,Band of Brothers and Sisters,BoBaS,21,81,221336,221336,36
226,Angry Farmers SW3,AF-SW3,23,33,76778,76778,81
228,League Of Legends,LOL,1,0,0,0,465
232,EPIC,EPIC,24,105,349043,349043,23
235,Süd/West,S/W,17,26,58889,58889,92
236,Editiert,ZJ,1,0,0,0,466
237,Zack! Die Bohne,Zack!,13,17,33368,33368,140
238,Leider Geil,~LG~,3,3,6027,6027,238
239,Byzantine Empire,Byzanz,1,0,1297,1297,350
242,Destiny,-D-,8,25,52687,52687,103
244,Marvelland Stone,Marsto,1,1,404,404,419
245,Apfel,Apfel,1,0,48,48,456
246,West Farm,WF,5,4,9934,9934,207
247,farmerino,PPs?,10,32,114279,114279,63
248,THE TIGERS,TT,2,2,2857,2857,283
249,AURORA,AURORA,2,1,1152,1152,358
253,rapunzelfans (brünette),-rfb-,1,0,2599,2599,294
255,Wolves of Rancho,Wolves,4,7,8219,8219,220
257,T-sf-H,T-sf-H,3,5,13215,13215,190
261,1111,11,1,1,553,553,404
262,Dorfscout 24 GmbH,SCOUT,12,38,102518,102518,65
264,FlaGGENTAUSCHCLUB,ftc,3,2,2223,2223,309
266,PP-Squad,Squad?,8,50,196084,196084,39
268,Agentur für Arbeit,=Arge=,1,1,1912,1912,319
270,Brotherhood,BH,1,1,1111,1111,359
271,PP-Dorf,heute,1,0,1953,1953,317
272,practizz project,prapro,1,1,236,236,442
275,"Trust me, bro",BRO,3,4,19990,19990,173
276,Die Mondschatten,~MOND~,17,27,78377,78377,78
277,Unbekannt,UFO,24,47,121194,121194,60
278,Gringen ohne Geld,GoG,1,0,560,560,402
281,Name ist Wurscht,Nice2,11,15,27725,27725,152
282,Strohhutpiraten,Stroh,22,71,183168,183168,42
283,asdfg,asd,1,1,983,983,368
284,FARM AG,F-AG,1,1,481,481,412
285,Comeback,CB,21,61,227115,227115,34
287,AMEISEN,AME,4,4,7369,7369,228
288,poki.de 67 67 67 67,pok,1,1,354,354,425
289,Klosterfanboy,H0RTUS,1,0,26,26,457
290,Royal Bashing Crew,RBC,5,2,7901,7901,225
291,Neugoten,1.1.15,1,1,3534,3534,272
293,Nanook is back,Nanook,25,104,262370,262370,32
295,Schwarze Legion,[SL],24,60,144734,144734,54
296,Bash,Bash,2,2,4491,4491,257
297,Cooler Stamm,CS,1,1,2787,2787,286
298,Kleines Folk,GroSS,3,4,5690,5690,242
301,PP_Farm,PP_F,1,1,502,502,408
306,Die Auserwählten,AUSER,4,3,1665,1665,329
307,Das Königreich,DKR,2,5,8192,8192,221
308,Eins-Zwei-Drei,1-2-3,2,20,49864,49864,108
310,GermanElite,Get,1,1,1532,1532,337
311,High Nobility Squad!,Adel!,11,11,20224,20224,170
312,Die sturen Westfalen,~DSW~,24,29,58473,58473,94
313,Valhalla Rising,{VLR},12,20,52983,52983,101
314,Europäische Union der Stämme,EUS,23,30,61661,61661,88
316,PP GmbH und Co. KG,-PP-,13,13,16708,16708,178
318,Dunkle Schatten,DuS,23,75,201932,201932,37
321,PP Farmer K65,PP65,3,3,1718,1718,326
322,dasBösevomRand,dBvR,25,158,530256,530256,16
326,PP-For Free,PPFF,1,2,4663,4663,255
327,Wir schlafen nie!,Schlaf,5,8,24091,24091,161
328,Hondo,Hondo,18,27,44892,44892,120
330,Horscht79 !,18.06,1,1,375,375,423
334,Schockierender Stamm,Schock,3,3,3452,3452,274
340,Angryfarmers-SW4,AF-SW4,21,25,33143,33143,138
342,Angry-Farmers SW5,AF-SW5,23,32,53551,53551,100
343,Angry Farmers - SO3,AF-SO3,23,24,52094,52094,104
345,Die alten Säcke,DaS,3,6,8083,8083,223
346,In the Army now,Army,23,46,103174,103174,67
348,Angry-Farmers NO2,Af-NO2,24,20,25782,25782,158
349,TurboFarm,TF,1,1,477,477,413
350,Angry Farmers-NO3,AF-NO3,21,23,43023,43023,124
351,Elite,Elite-,24,57,142168,142168,55
355,Orga muss,Orga,3,34,166209,166209,48
356,I will be back,IbB,1,1,823,823,377
362,Test,123,1,0,26,26,458
363,Preußen-Sachsen,*P-S*,1,1,2815,2815,284
365,Blutsbund,-BB-,25,32,61054,61054,89
366,McLouds,McLoud,11,18,45658,45658,115
369,Lecker Bierchen 2,LB2,16,43,125906,125906,57
371,Ghettos mcs,Mcs,1,0,145,145,453
373,New York Stock Exchange,NYSE,18,48,112580,112580,64
376,In Ruhe Spielen,IRS,2,7,13928,13928,187
377,Angry Farmer SO,AF-SO,3,3,3794,3794,268
379,OneWomen,*OW*,1,1,981,981,369
380,PP Farm,FreePP,1,1,1406,1406,341
382,On~Fire,~Fire~,2,2,1539,1539,336
383,The Luckys,TLS,1,0,250,250,440
384,Subathon 2026,SUBS,19,15,20885,20885,169
386,Teamplay,TP,24,93,191243,191243,40
387,BASHER,BASHER,4,3,680,680,392
389,Kraft meiner Wassersuppe,KmWs,1,1,268,268,436
391,Im Winkel,Dattel,1,1,1014,1014,365
392,-SinCity,-City,4,11,36418,36418,134
393,MOM I LIKE FARMING,MILF,12,9,12391,12391,196
394,Black numbers,BN,1,1,270,270,435
398,Orden der Tempelritter,OdT,2,2,2558,2558,295
399,Imperium Romanum,SPQR,1,2,5488,5488,244
400,Premium Farm,Premfa,1,1,1092,1092,362
402,1234,1234,1,0,819,819,378
404,Rangers,-R-,1,1,26,26,459
405,Old Person Attack,O.P.A,23,70,175725,175725,44
406,Hummelbude,-HB-,1,0,0,0,467
408,Obstmafia,Obst,6,36,146869,146869,53
410,Ois easy,OE,1,1,3099,3099,276
412,Bad Habbit Development,BHD,7,10,16875,16875,180
413,Die unendliche Geschichte,DUG,20,67,166916,166916,47
415,Alte Herren nord,AHn,4,5,11424,11424,200
418,Böhse-Onkelz,**bo**,1,0,568,568,401
419,Der Stamm,STA,7,7,16678,16678,179
420,Die Hunnen,DHK,1,1,603,603,399
423,FanClub,-FC-,7,12,40466,40466,126
424,Gummibärenbande,GB,24,312,1239154,1239154,5
431,*pps*,*pps*,3,3,2067,2067,314
434,Die Rote Allianz,DRA,10,10,14958,14958,186
435,DieSaarländer,DSR,1,1,333,333,430
436,Non Player Charakter 3,NPC-3,14,29,78824,78824,76
437,Angry Farmers SO5,AF-SO5,2,1,987,987,367
440,ERROR,ERROR,3,1,2074,2074,313
441,Turtok,Turtok,2,4,16908,16908,177
442,Name ist echt egal,Nice?!,24,368,1513266,1513266,4
443,Morgendlicher Dorfverlust,M-D,24,400,2021730,2021730,2
446,Last Bastion,LaBa,2,1,1571,1571,335
448,FlaagenFarmerrr,F_F,3,3,2377,2377,304
451,~Phönix~,~Phx~,19,24,59667,59667,90
452,NASE,NASE,1,1,2627,2627,291
453,die chicken griller,dcg,1,1,295,295,432
454,Nichtangriffspakt,~NAP~,1,0,819,819,379
456,Wiederholungstäter,REPEAT,25,159,594664,594664,13
459,Nanook is back2,N2,22,43,96101,96101,68
461,STURM,STURM,24,106,316456,316456,29
463,BHC Königsbrunn,BHC,5,5,8148,8148,222
464,Senat Nord,-SEN-N,2,4,12861,12861,193
467,Glumanda will ran da!,GWRD,1,1,533,533,406
468,PPOnly,PPO,1,1,2429,2429,301
469,IgelSchildkröten,ISk,2,2,5996,5996,239
472,wetrustinBugs,wtB,14,127,505125,505125,17
473,WeTrustInBugs2,wtB2,23,115,337165,337165,24
474,Wind,Wind,16,19,33025,33025,141
475,KISS ARMY,KISS,1,0,0,0,468
476,Keine Panik,PANIK,1,1,1457,1457,338
480,Schlesien,Cosel,1,1,912,912,371
481,Never give up,NGV,3,4,6568,6568,233
482,EPIC²,FAIL,15,24,57098,57098,96
483,Taverne,Casa,1,0,0,0,469
484,Hallo,H1,1,1,26,26,460
486,Märchenstunde,GRIMM,3,2,1383,1383,343
494,Vandalen,*V*,2,2,117,117,339
496,Wakanda,WaK,24,30,53900,53900,99
498,Der Kreis der Gerechten,DKG,24,59,152928,152928,50
499,Liebe und PP,LOVE,1,1,6713,6713,231
501,Whisky Humor,WYH,23,25,28228,28228,150
502,Asdfgh,Asdfgh,1,1,2138,2138,312
503,DIE HORDE,DHO,5,4,11041,11041,203
506,Natural Born Killers,~NBK~,25,26,51597,51597,107
508,Nebelwachen,~NW~,1,1,2513,2513,297
509,Ehlgötz Kompressoren,EGDLT,3,4,8527,8527,217
510,Freunde von Niemand,FvN,1,0,0,0,470
512,Los Toros,L-T-S,1,0,0,0,439
513,Maximum Power,~MxP~,11,10,8521,8521,218
515,Senat 3,-SEN³-,7,16,49143,49143,119
516,Nanook,N3,16,36,91584,91584,71
518,Al-Dar,Al-Dar,24,44,118455,118455,61
521,Der Neue Anfang,DNA,21,41,78524,78524,77
522,Deswer,Des,17,17,1402,1402,342
524,Kult,abc,1,1,1698,1698,327
525,ZYXW,ZYX,1,1,1634,1634,331
526,Tödlich für Raucher,GIZEH,5,14,39644,39644,128
529,Green Street Hooligans,GSH,14,72,285821,285821,30
532,Falken,HNF,2,1,1610,1610,334
533,Bei weitem nicht so toll,Schade,24,179,712568,712568,11
534,Spider-Web-Clan,SWC,17,43,90534,90534,72
535,Farmers Home,FH,1,0,762,762,385
536,Kiel,Kiel,1,1,1206,1206,354
537,Brennen muss Salem,Brenn,1,1,841,841,376
539,ZXXH,HQ,8,8,11811,11811,198
541,Kaioshin Enterprise,KFC,21,56,180814,180814,43
542,Warborn,WAB,17,24,52991,52991,102
543,9876,9876,4,5,13031,13031,192
544,Hostel,TikTok,1,1,1325,1325,348
545,Die grünen Teufel,-DgT-,4,5,8440,8440,219
547,RTH Alone,RTHALO,1,0,1322,1322,349
549,GumGum,GG,2,2,3243,3243,275
551,Ummattaka Clan,MMTTK,19,19,27900,27900,151
552,MicktenMoneyClan,~MMC~,4,4,5007,5007,251
553,Snoek Fight Club,SFC,14,25,59054,59054,93
555,Broken Wings,~BR~,2,1,884,884,372
556,Hau Drauf,HD,5,11,54762,54762,98
557,Teamplay 2,TP2,12,16,27103,27103,154
558,Six Seven,6-7,17,17,18992,18992,175
560,nukhütte,NUK,24,99,318501,318501,27
562,Hauwech,HaWe,1,1,1815,1815,321
563,Purrfection,Purr,2,1,77,77,454
565,LYRANER,LYRAN,25,274,1153236,1153236,6
566,Freundedes stammes,Dfd,2,2,3786,3786,269
567,Seenlandbarbaren,SLBB,11,11,19950,19950,171
569,Frans,Frans,2,1,2998,2998,280
570,fhsad,dsdfh,1,1,334,334,429
572,??? Basherelite ???,????,9,32,121516,121516,59
575,Heavy,Hvy,3,3,2813,2813,285
579,DIE RÖmer,DR,1,2,4505,4505,256
580,Rammstein,RSN,1,1,2142,2142,311
581,Nachtwache,'NW',1,1,1747,1747,328
584,tribe123,tribe1,2,2,9430,9430,211
587,{VOLT},{VOLT},5,5,10937,10937,204
589,Flaggentausch,Flag,2,2,150,150,452
590,DS-Götter,GOAT,1,1,570,570,400
591,Suits 2,sts2,23,62,183967,183967,41
593,Kontinal Defence Initiative,-KDI-,1,0,0,0,471
594,Darkside,oflive,3,3,1628,1628,332
596,Die Deffer Gang,*DDG*,2,2,2483,2483,300
601,Auftragnehmer GmbH,GmbH,4,12,45346,45346,116
603,Die Nachtwache,DNW,1,1,1351,1351,344
609,Ameisenhaufen,Ameise,19,24,43646,43646,123
610,TryBreithaupt,Herr,5,5,392,392,421
612,Somerset,Som,1,1,645,645,394
613,EPIC³,CLAP,5,15,49122,49122,110
614,Ruhe!,psst..,1,1,2619,2619,293
617,xRVx,RV,2,2,416,416,418
618,GGGG,GgG,2,2,3513,3513,273
619,Die roten Teufel,-DrT-,1,1,1178,1178,356
620,Hyäne,Hyäne,7,15,59124,59124,91
621,Die Normandie,NORM,19,19,37347,37347,132
623,234234,234234,1,1,504,504,407
624,Hydra-gon,Hydra,17,18,26459,26459,156
625,Kampfschlümpfe,KS,1,0,0,0,472
626,JUHU,JUH,1,1,1633,1633,333
627,Die ober Pfeiffen,Dopf,7,7,7938,7938,224
628,Dörflinge,Dö,3,3,2552,2552,296
631,Sword of Mana,SoMana,15,17,21112,21112,168
632,Stamm1899,WB,1,0,0,0,473
633,Bauernopfer,OPF,5,5,6005,6005,240
634,Assa,As,4,4,4898,4898,252
637,Die Außenseiter,DAß,12,12,15089,15089,185
638,Phimose,incel,5,5,2694,2694,289
639,NoAimGang,NAG,21,21,27236,27236,153
640,Capsule-Corp,CaC,10,10,6347,6347,237
641,Kecktra,Keck,1,1,226,226,443
642,Erben des Throns,~EdT,2,1,1327,1327,347
644,Baum,Stamm,2,2,1103,1103,361
646,Stammesbrüder,-SB-,17,27,65940,65940,85
648,Astra Militarum,Guard,6,6,7789,7789,226
649,Granit,Wall20,1,1,1996,1996,316
651,Pakt der Nordmänner,PDN,14,14,22002,22002,166
654,McKilroy60,Mck60,1,1,213,213,446
655,AlterEgo,AE,1,1,319,319,431
656,HeiligesGeflüster,HG,1,1,632,632,396
657,Lunatic Asylum,RIOT,1,1,762,762,386
658,jjjjj,jjjjj,3,2,3893,3893,266
659,One Piece,OP,5,19,51764,51764,106
660,Spaßgesellschaft,Spgft,1,1,1204,1204,355
661,Blaue Welle,BW,1,1,250,250,441
664,IchAG,Carbon,1,1,804,804,381
665,Die Deffer,DEF,2,6,32337,32337,142
667,Loooool,Looooo,1,1,340,340,427
668,Semper Fidelis,[=SF=],1,2,3796,3796,267
670,Prmium,Pointz,1,1,495,495,410
671,FKK Nobless,PUFF,4,4,3094,3094,278
672,Keller,Ke,1,1,459,459,414
673,afasfaf,lol_wo,1,1,780,780,384
674,Spritpreisbremse,Sprit,4,11,23810,23810,162
676,Nuklear 2,NUK²,6,8,10834,10834,205
677,Phönix,Ph,2,2,5441,5441,247
679,Die erotischen Anfänger,DEA,5,10,41912,41912,125
680,Narcos,XxX,1,1,383,383,422
681,Eheg,Egeh,1,1,290,290,434
685,Die feuchten Banditen,DFB,13,13,16700,16700,182
686,Vreesien,VV,3,2,2262,2262,308
687,Alone Legends,ALL,1,2,9486,9486,210
688,Valhalla,VAHL,15,36,75651,75651,82
690,Abrisskommando,ABK,1,4,13765,13765,189
691,Luftaret,GV,3,3,6382,6382,236
693,Iron Fist,FIST,8,31,89274,89274,73
694,Letzte Instanz,INST,17,99,396468,396468,21
695,Sucht und Ehre,SuE,6,6,4694,4694,254
696,Matrix,Leo,1,1,1032,1032,363
697,}Skorpion~Fighter{,}S~F{,1,4,15416,15416,184
698,Awla,Awla,1,1,347,347,426
700,We are Legend,WaL,2,2,3868,3868,270
701,M-One,Tiger7,1,1,223,223,444
702,OUTLAST,ALONE,1,4,9858,9858,208
703,xxxxxx,yyyyyy,1,3,8588,8588,215
704,Bananen Splitter,Split,2,2,4219,4219,262
705,Blaue Wanderer,~BW~,8,8,9885,9885,209
706,Volksfront von Judäa,VVJ,1,0,0,0,474
707,Infightbug,Ifb,2,1,2144,2144,310
708,Toll Ein Anderer Machts,TEAM,2,2,1828,1828,320
710,Scheidenkrieger,FUT,10,10,5093,5093,249
711,Farmen,Farmer,2,2,3082,3082,277
712,Moininger,Moin,4,4,1426,1426,340
713,Senatus Populusque Romanus,_SPQR_,1,1,375,375,424
715,Holzis,HLZ,3,3,1810,1810,322
716,Ostwestfalen,Owl,2,5,5157,5157,248
717,Schattenhorde,Schatt,1,1,174,174,449
720,name,tag,1,1,808,808,380
721,Lyran Bash Crew,LYRANS,8,29,93254,93254,70
722,Veritas aut Mythos,VaM,2,4,5472,5472,246
723,CrazyJay,Jaysn,1,1,435,435,416
724,Timmy,Schaf,2,2,1107,1107,360
725,Feierabend,OFF,5,5,7028,7028,229
728,Dann mach ich es halt selbst,Dmiest,1,2,7625,7625,227
729,Die unterjochenden Über-Jochen,~UJÜJ~,3,4,8608,8608,214
730,Neo-empire,Neo,5,5,2878,2878,282
731,eXtrem,~X~,1,1,796,796,383
733,Werbung,WBG,3,3,1351,1351,345
734,Der Kreis der Gerechten II,DKG II,9,16,37927,37927,130
735,Hexen Hütte,Zirkel,2,2,1009,1009,366
736,Tirol,Tirol,1,1,689,689,390
737,Last Survived Division,LSD,4,4,1217,1217,353
738,Shadow Garden,SG,2,2,1181,1181,357
739,Winkel,Nico,1,1,292,292,433
740,OneManShow,OMS,2,2,859,859,374
741,Die Zitadelle,DZ-NO,1,1,781,781,382
742,nur für Quest,Quest,2,6,15802,15802,183
743,Chiemgauer Brigade,C B,1,1,170,170,450
744,Riders in the Sky,R-S,6,7,22501,22501,164
745,Prometheus,-PRO-,4,6,12719,12719,194
746,Guttersl Slaughter,Blegh,1,1,268,268,437
747,Wolfspack,WP,1,1,216,216,445
748,EgoSol,ExS,1,1,260,260,438
750,Söldner,Slder,1,3,3651,3651,271
751,-=Spirit=-,-=SP=-,1,1,498,498,409
752,Die Verfluchten,DV,1,1,180,180,448
754,Die Übrigen,DÜ,1,1,190,190,447
755,VollmondStamm,+Mond+,3,3,947,947,370
756,Affen mit Waffen,~AmW~,1,1,2887,2887,281
757,dsfsdf,sdfsd,1,1,77,77,455
758,Lumpi,Lumpi,1,1,495,495,411
759,Army Regiment No.1,A-R-N1,12,12,16660,16660,181
760,Der Eiserne Kreuzzug,D.E.K,6,6,2408,2408,303
761,Die Sekte des Stammes,SEKTE,1,1,339,339,428
762,Macht-des-Ordens,MdO,7,7,12354,12354,197
