player_id,name,type,rank,value,date
1577136351,SAYCO D. VORTEX,conquer,1,46,2026-10-05
1144521,maduen,conquer,2,37,2026-10-03
1576984345,FiveFingerDeath,conquer,3,32,2026-10-07
1577405997,mraalee,conquer,4,31,2026-10-04
1576204516,sKiLeRiX,conquer,5,27,2026-10-04
1577433791,Ragnar.Lothbrok,conquer,6,26,2026-10-04
1576716190,SAYCOS ACCOUNTANT,conquer,7,25,2026-09-30
1577444303,PeterMachtMeter,conquer,8,24,2026-10-02
8609191,klon-nuzgul,conquer,9,22,2026-10-05
1577431073,fleur blobby,conquer,10,20,2026-10-05
1576598150,Haudaneben,conquer,11,19,2026-10-04
1576093251,David the Brain,conquer,12,19,2026-10-06
1577483735,Blackuni,conquer,13,18,2026-10-01
1577300851,Hölle,conquer,14,18,2026-10-03
1577059736,Angst Potter?,conquer,15,17,2026-10-04
1577538281,novoline95,conquer,16,17,2026-10-04
1577279310,NoLimitx3,conquer,17,16,2026-10-05
1577465504,Rincewind610,conquer,18,16,2026-10-05
8942925,Amaterzu,conquer,19,16,2026-10-08
1577522507,Teddy,conquer,20,16,2026-09-27
10017115,superneusi,conquer,21,16,2026-10-02
1577374960,Meepo2503,conquer,22,15,2026-10-03
1577537931,RealMatze,conquer,23,15,2026-10-08
1577514194,Prince von Bel Air,conquer,24,15,2026-10-05
1576298928,Lt.Ogad,conquer,25,14,2026-10-04
1576699803,Gänsehoden,kill_att,1,86386,2026-10-08
8609191,klon-nuzgul,kill_att,2,76524,2026-10-05
1144521,maduen,kill_att,3,73503,2026-10-08
9285938,Jonayay,kill_att,4,71765,2026-10-08
1577232503,Scorpion2k,kill_att,5,50459,2026-09-29
258773,Saifra,kill_att,6,49193,2026-10-04
1577059736,Angst Potter?,kill_att,7,47090,2026-10-04
9120425,Thymalus,kill_att,8,45768,2026-10-07
1577526543,SSJ4,kill_att,9,42541,2026-10-08
1577433791,Ragnar.Lothbrok,kill_att,10,41013,2026-09-23
1577509315,Twixx,kill_att,11,40711,2026-10-08
9869866,.Aufklärer,kill_att,12,40069,2026-10-07
1577374960,Meepo2503,kill_att,13,38294,2026-10-05
1577040263,Beer97,kill_att,14,37855,2026-10-08
1576598150,Haudaneben,kill_att,15,34866,2026-09-27
1577490989,Flanschexpress,kill_att,16,33494,2026-10-05
8658019,LuckyDudels,kill_att,17,33197,2026-10-07
1577507199,Tohuwabohuy,kill_att,18,32587,2026-10-08
1577247043,Lord MK,kill_att,19,32100,2026-10-06
8979093,colderaser,kill_att,20,31097,2026-10-02
1577136351,SAYCO D. VORTEX,kill_att,21,30883,2026-09-21
1576401633,wütender Panda,kill_att,22,29799,2026-10-08
1577327643,Destinyjooker,kill_att,23,29184,2026-10-07
1577415816,Titomiooo,kill_att,24,28692,2026-10-05
1577512641,Still Mighty,kill_att,25,28541,2026-10-08
1577136351,SAYCO D. VORTEX,kill_def,1,111511,2026-10-08
1577514194,Prince von Bel Air,kill_def,2,103522,2026-10-08
1577540186,Mpeq,kill_def,3,80648,2026-10-07
1576984375,Leonidas2611,kill_def,4,75541,2026-10-08
1577498626,democ 2025,kill_def,5,71638,2026-10-05
1577544193,dersAcul,kill_def,6,71090,2026-10-05
1576270672,xXCleptoXx,kill_def,7,69833,2026-10-08
1577274339,GxSturmi,kill_def,8,69614,2026-10-08
1577383865,Y4miii,kill_def,9,67932,2026-10-06
1577439119,Lord Erik,kill_def,10,66272,2026-10-04
1577374650,happycola,kill_def,11,60141,2026-10-05
1577327643,Destinyjooker,kill_def,12,58608,2026-10-07
1577527465,Golatak,kill_def,13,58348,2026-10-08
1577241033,Burton10,kill_def,14,55657,2026-10-02
1577464497,0815Name,kill_def,15,53383,2026-10-03
1576982986,Aiello,kill_def,16,50260,2026-10-05
8658019,LuckyDudels,kill_def,17,50014,2026-10-03
1577539555,Tarina,kill_def,18,49452,2026-10-08
2288408,ein-locky,kill_def,19,48958,2026-09-28
1577232503,Scorpion2k,kill_def,20,46829,2026-10-04
1577544649,TollwütigesEichhörnchen,kill_def,21,46367,2026-10-07
1577268653,Maximus Decimus Meridius,kill_def,22,45969,2026-09-25
1577486614,Metty79,kill_def,23,43631,2026-10-01
1577444303,PeterMachtMeter,kill_def,24,42663,2026-10-08
792488,mertcan75,kill_def,25,41161,2026-10-05
1577300851,Hölle,kill_sup,1,42344,2026-10-08
1577231003,SchoggiPanzer,kill_sup,2,32920,2026-10-08
1577454410,Dolchgeber,kill_sup,3,32220,2026-10-08
1577279310,NoLimitx3,kill_sup,4,32034,2026-10-03
1577444303,PeterMachtMeter,kill_sup,5,30965,2026-10-03
1576608156,deslow,kill_sup,6,29967,2026-10-08
1577504050,Hanswurst2025,kill_sup,7,27248,2026-10-07
1577514194,Prince von Bel Air,kill_sup,8,25515,2026-10-08
1577544971,Jcp1703,kill_sup,9,24279,2026-10-08
1577403666,vitaspa,kill_sup,10,23327,2026-10-05
1577464497,0815Name,kill_sup,11,18644,2026-10-05
1577232503,Scorpion2k,kill_sup,12,18386,2026-09-23
8161459,Spitzebubbi,kill_sup,13,17313,2026-10-07
1577544047,Kaisernero1606,kill_sup,14,16890,2026-09-27
1577483302,Lordhaze,kill_sup,15,16879,2026-10-08
1577544419,Sergej Fährlich,kill_sup,16,16243,2026-10-07
1577247043,Lord MK,kill_sup,17,15182,2026-10-03
1577337039,TheOption,kill_sup,18,14779,2026-09-20
1577273211,kaioshin,kill_sup,19,13861,2026-10-08
858526,schuschei,kill_sup,20,13540,2026-09-28
1577441405,McDiven,kill_sup,21,13110,2026-10-08
1577060442,ELTURKO61,kill_sup,22,13058,2026-10-08
1577507188,???-007,kill_sup,23,12840,2026-10-08
9808270,El Maze,kill_sup,24,12557,2026-09-29
1577311879,Loxuri,kill_sup,25,12500,2026-10-07
1577073064,easy,loot_res,1,6837061,2026-10-07
1577505624,-.Premium*,loot_res,2,5818096,2026-09-27
9285938,Jonayay,loot_res,3,5339859,2026-10-08
8658019,LuckyDudels,loot_res,4,4867893,2026-10-06
1577514194,Prince von Bel Air,loot_res,5,4774529,2026-10-06
1577059736,Angst Potter?,loot_res,6,4341857,2026-09-28
1577422997,Lord Stoney,loot_res,7,4199264,2026-10-07
8609191,klon-nuzgul,loot_res,8,4146927,2026-10-05
1577536190,KoooSz,loot_res,9,4031372,2026-10-06
1576699803,Gänsehoden,loot_res,10,3946845,2026-09-23
1576096938,JanBam,loot_res,11,3443752,2026-10-05
1577522507,Teddy,loot_res,12,3435633,2026-09-29
1576298928,Lt.Ogad,loot_res,13,3424052,2026-09-28
1577483302,Lordhaze,loot_res,14,3361093,2026-10-02
9888572,Spectre,loot_res,15,3291938,2026-10-08
1577526543,SSJ4,loot_res,16,3134708,2026-10-04
1144521,maduen,loot_res,17,2958250,2026-09-27
1577465086,existenzxd,loot_res,18,2864813,2026-09-25
1577515376,Kalash92,loot_res,19,2845728,2026-09-24
1577327643,Destinyjooker,loot_res,20,2829905,2026-09-22
1576608156,deslow,loot_res,21,2756068,2026-10-01
1577456618,Gerrit7777,loot_res,22,2750180,2026-10-05
258773,Saifra,loot_res,23,2679760,2026-10-08
1577536449,ohnain,loot_res,24,2677294,2026-10-03
8942925,Amaterzu,loot_res,25,2510176,2026-10-08
406907,7on9,loot_vil,1,67709,2026-10-02
1576096938,JanBam,loot_vil,2,47648,2026-09-26
1577456618,Gerrit7777,loot_vil,3,38498,2026-10-06
2363816,wifi,loot_vil,4,33598,2026-09-21
1577374650,happycola,loot_vil,5,33184,2026-09-26
9285938,Jonayay,loot_vil,6,32828,2026-10-01
1577059736,Angst Potter?,loot_vil,7,32737,2026-09-28
1576699803,Gänsehoden,loot_vil,8,32240,2026-10-02
1575995793,ixanthos,loot_vil,9,31825,2026-09-18
1577073064,easy,loot_vil,10,31601,2026-10-07
1577111906,badxdog,loot_vil,11,31079,2026-09-23
1577542546,Chiller3114,loot_vil,12,31019,2026-09-29
1144521,maduen,loot_vil,13,30558,2026-09-27
1577465086,existenzxd,loot_vil,14,29258,2026-09-13
1577514194,Prince von Bel Air,loot_vil,15,27155,2026-10-07
9888572,Spectre,loot_vil,16,25641,2026-10-01
8658019,LuckyDudels,loot_vil,17,23096,2026-10-06
8776383,Cheat Code,loot_vil,18,20752,2026-10-06
1577513316,Albanischer Krieger,loot_vil,19,20600,2026-09-30
1577464497,0815Name,loot_vil,20,19164,2026-09-30
8635569,Blazed420AG,loot_vil,21,18322,2026-09-16
8609191,klon-nuzgul,loot_vil,22,17846,2026-09-26
1577397494,myul,loot_vil,23,15763,2026-10-06
1577489257,Gnuppel,loot_vil,24,15347,2026-09-13
1102804,Unicorn Pink Fluffy,loot_vil,25,14958,2026-10-07
1576608156,deslow,scavenge,1,10293183,2026-10-05
1577279310,NoLimitx3,scavenge,2,8543838,2026-10-08
1577136351,SAYCO D. VORTEX,scavenge,3,6986594,2026-10-07
1577073064,easy,scavenge,4,6808236,2026-10-07
1144521,maduen,scavenge,5,6638687,2026-10-07
1577444303,PeterMachtMeter,scavenge,6,6564799,2026-10-05
10017115,superneusi,scavenge,7,5100171,2026-10-07
1576984345,FiveFingerDeath,scavenge,8,4935359,2026-10-08
1576716190,SAYCOS ACCOUNTANT,scavenge,9,4666645,2026-10-06
1577349938,steelbreaker,scavenge,10,4651665,2026-10-05
8609191,klon-nuzgul,scavenge,11,4648468,2026-10-08
1577431073,fleur blobby,scavenge,12,4324877,2026-10-07
1577534684,Jesse Pinkman,scavenge,13,4108881,2026-10-07
1577300851,Hölle,scavenge,14,3813965,2026-10-07
1576298928,Lt.Ogad,scavenge,15,3744921,2026-10-06
1577507199,Tohuwabohuy,scavenge,16,3742485,2026-10-06
1577514194,Prince von Bel Air,scavenge,17,3636934,2026-10-06
1577374650,happycola,scavenge,18,3561476,2026-10-08
1577422997,Lord Stoney,scavenge,19,3513819,2026-10-07
1577397494,myul,scavenge,20,3506393,2026-10-08
1577484886,Proxybasher17,scavenge,21,3412340,2026-10-06
1577374960,Meepo2503,scavenge,22,3363205,2026-10-08
1577512641,Still Mighty,scavenge,23,3329359,2026-10-07
1577114057,Hansueli12,scavenge,24,3267339,2026-10-08
813539,Larslaxx,scavenge,25,3209128,2026-10-06
